Topic,Count,Name,Representation,Representative_Docs,TopWords
-1,2266,-1_꿈_아이_친구_남자,"['꿈', '아이', '친구', '남자', '달', '서로', '꽃', '남다', '벽', '지나다']","['남자 여자 껴안다 여자 남자 껴안다 남자 여자 속 들어가다 기 썼다 여자 남자 받아들이다 애 썼다 남자 여자 혀 뒤엉켰다 남자 여자 엇갈렸다 해도다 남자 여자 속 들어갈다 없다 여자 남자 되다 해 지다 달 뜨다 해 지다 달 떴다 사람 몸 흘러내린다 땀 시내 이루다 강물 되다 흘러나갔다 이럴다 없다 이럴다 남자 중얼거렸다 하다 돼요다 여자 대답 사람 몸 금 가다 시작 맞붙다 입술 사이 녹물 흘러나왔다 뒤엉킨다 팔 다리 살갗 뚫다 돌가루 부스러져다 내리다 사이 녹슨다 철근 튀어나왔다 몸 뒤 챌다 때 머리카락 전선 뽑혀다 손톱 발톱 타일 떨어져다 나갔다 우리 이러다 남자 물다 운 새 울다 부리 벌리다 순간 여자 대답 남자 거칠다 자기 몸 여자 속 밀다 넣다 여자 비명 지르다 남자 등 할퀴다 지진 난다 사람 몸 거세다 흔들리다 남자 여자 서로 몸 속 무너져다 들어갔다 버섯구름 피어오른다 먼지 가라앉다 땅 위 사람 몸 떨어져다 나온다 부서진다 벽돌 조각 휘어진다 철근 나무토막 쌓여다 갔다 여긴 어두워다 무너진다 잔해 속 남자 속삭였다 우린 됐다 무덤 된다 몸 속 여자 대답 사람 침묵 귀 기울였다 그 긴다 휴식 축복 세상 고요 깜박이다 의식 꺼져다 순간 그 마지막 그 맞닿다 몸 깊다 곳 숨어든다 귀뚜라미 내 가느다란다 울음 소리 들다', '말 시작 햇빛 시작 좋다 질경이 좋다 투명 유리병 낫다 하얀다 말 따라가다 노래 부를까다 노래 부르다 물 들다 발끝 바라본다다 몽환 말 좋아하다 의자 일어났다 말 속다 일요일 햇빛 생각 무심 지렁이 생각 가벼움다 대한다 얘기 하다 울먹였다 가볍다 빛나다 떨어지다 고독 본다 있다 빈다 모음 발음 사람 대한다 얘기 잊히다 그 그 사다 섬 나오다 흐린다 눈빛 그 언덕 그리다 나무 심다 물고기 불렀다 물빛 닮다 눈빛 먼다 곳 있다 곳 말 같다 그 따라가다 하다 웃다 웃다 웃다 방법 대해다 생각 너 담배 입 물다 나 스타킹 끌어올리다 다리 뻗다 쉬다 얘기 하다 어제 모순 끌다 아름다운다 너 보다 오늘 태양 바라볼다 무언가 바라보다 일 자랑 일 사랑 설명 우겼다 비밀 풀 본다 일 있다 비밀 풀 표현 싫다 소용 돌 치다 물 들어가다 여자 따라간다 일 있다 얘기 하다 불안 괜찮다 목소리 들려왔다 북극 가다 어떻다 들뜬다 아이 말 털 많다 동물 상상 북극 하다 환한다 밤 상상 하다 문 열다 해다 넘어가다 하늘 어떨까다 물다 서로 닮다 그 만나다 이제 입 열다 좋다', '멈추다 사라질다 같다 쉬다 걸다 걸어도다 계단 생겨나다 동백나무 바다 차례 빠지다 보다 우리 삼각형 없다 마음 생겨나다 밤 오다 전 우리 집 짓다 해요다 집 살다 위해서다 집 지다 집 무서운다 꿈 살다 죽다 무서운다 사다 무서워서다 용서 받다 후회 서로 입술 침 발라다 나 당신 끊임다 속삭이다 넌 내 뭘 말 알다 가다 해다 우리 서로 머릿속 손 넣다 깃발 펄럭이다 그건 거짓말 우리 우리 믿다 발아래 바닷속 들어간다 레일 보였다 때 우리 들어가다 몰라서다 다치다 하다 당신 완성 그림 말 그림 속 얼굴 웃다 하다 노래 끝나다 당신 사랑 하다 전 당신 죽여다 무거운다 가방 웃다 서로 죽음 끌다 다니다 동백꽃 떨어지다 그건 우리 놓친다 여름 일 우리 고등학교 가다 고갯길 지나다 걸다 술 마시다 술 없다 괴로워하다 끝 좋다 생각 떠올라요다 밤 새우다 서로 등 쓰다듬다 가위질 해요다 여기 없다 목숨 걸다 밤새 비 맞다 이름 부르다 고요 당신 보다 오르다 좁다 골목 오를다 때 당신 손가락 지내다 넘어져요다 내일 내일 가다 말 우리 내일 가다 약속 하다 넘어져요다 파도 마지막']","꿈(0.008), 아이(0.008), 친구(0.007), 남자(0.006), 달(0.006), 서로(0.006), 꽃(0.006), 남다(0.006), 벽(0.006), 지나다(0.006)"
0,261,0_바다_모래_돌_물고기,"['바다', '모래', '돌', '물고기', '파도', '해변', '수지', '섬', '강', '갈매기']","['너 앞 며칠 있다 말 영화 찍다 내용 없다 사람 없다 바다 나오다 영화 어디 있다 모르다 나 그렇다 바다 구경 할다 있다 말 너 바다 구경 원 하다 여기 바다 많다 새벽 바다 아침 시작 바다 파도치다 바람 부다 통통배 돌아오다 뱃사람 뒷모습 횟집 수 족 관 너머 보이다 깊다 밤 앞 보이다 바다 많다 지겨워다 죽다 같다 순간 바다 다를까다 처음 말 몰랐다 이제 알다 같다 말 어디 있다 모르다 나 섬 떠나다 이곳 돌아오다 만나다 보낸다 날 대해다 들려다 그때 되다 나 내 이야기 들려다 약속 며칠 지나다 네 있다 섬 이름 가다 거도 흑 산도 어도 나 하다 너 전화 해야지다 너 이름 기억나다 너 그곳 가다 했다 네 돌아오다 할까다 우리 만나다 하다 중요 이유 있다 같다 하다 기억 떠올려다 까만다 스크린 속 갈매기 날아다니다', '섬 돌 죽다 돌 부른다다 이름 얻다 바위 방향 허락 아다 사람 이름 대신 현무암 깊다 어둠 속 돌 돌려놓다 산정 누군가 거북 보다 능선 누군가 코끼리 보다 잊다 위함다 죽다 돌 명명 없다 계절 대한다 최소한 기억 같다 깨뜨리다 파란빛 새다 나오다 죽다 돌 많다 꿈틀거리다 모른다다 누군가 산 넘어가다 바람 모골 오다 소리 낼다 때 죽다 돌 산 목젖 떨다 생각 바람 파도 영혼 가진다 누군가 죽다 돌 식다 굳어진다 애초 흐르다 생성 용암 반죽 덩어리 돌 바다 뚫다 막 융기 섬 기억 어디 뒹굴다 돌 중심 놓다 이유 섬 돌 비구름 끌 정 쥐여다 끝 꿈틀대다 그건 돌 수긍 없다 가능 일 돌 죽다 날 섬 생명 깃들다 시작 믿다 사람 죽다 돌 아래 내려가다 돌 섬긴다다', '방파제 위 바람 불다 해 지다 그 바다 향해다 뛰다 겨울 해변 모래 얼다 바람 불다 해 지다 그 모래 핥다 바다 다가섰다 물러나다 겨울 바다 바람 불다 바다 갈매기 떠다 고양이 가자미 아래 지나갔다 바다 겨울 호수 반 얼다 자판기 작동 고드름 녹다 골목 좁다 겨울 바람 모래 그 바다 향해다 뛰다']","바다(0.039), 모래(0.030), 돌(0.029), 물고기(0.025), 파도(0.023), 해변(0.016), 수지(0.013), 섬(0.013), 강(0.012), 갈매기(0.011)"
1,260,1_꽃_숲_잎_피다,"['꽃', '숲', '잎', '피다', '장미', '가지', '은행나무', '꽃잎', '목련', '산']","['그것 꽃 그것 쥐꼬리 개망초 꽃 그것 쥐꼬리 개망초 꽃 그것 당신 꽃 그것 물 꽃 그것 물까치 꽃 그것 물까마귀 물때까치 물레새 물수리 물총새 꽃 그것 물개암나무 물 깨다 나무 물박달나무 물방 나무 물뿌리 나무 물오리나무 물 자작나무 물참대 물푸레나무 꽃 물달개비 물매화 물억새 물옥잠 물잎풀 꽃 그것 물양지꽃 꽃 그것 꽃 꽃 그것 물 꽃 그것 그 본다 꽃 그것 줄다 없다 그것 받다 없다 그것 꽃 그것 물 그것 꽃 그것 향 있다 그것 향 없다 그것 당신 꽃 당신 밥상 앞 앉다 그것 꽃 꽃 기운', '꽃 지다 뒤 피다 꽃 너 꽃 꽃 너 꽃 혓바닥 그늘 담다 궤짝 없다 시렁 낮달 손뼉 소리 무시 들락거렸다 이젠 서러운다 꽃 바람 대어보다 푸른다 뺨 바람 재다 온몸 멍들다 패이다 꽃 땅속 뿌리 닿다 친화 꽃 우레 잎 속 꽃 더듬다 꽃 떠밀다 잎 이야기 모았다 솟구치다 물관 힘 잎 묵묵부답 붉은색 꽃 무얼까 나뭇잎 너 꽃 너 색 너 꽃 얄궂다 체온 홍목당혜 꿰다 도망가다 시월 단풍', '노인 쓰레기통 버린다 꽃 어린다 소녀 손 집어삼킨다 꽃 저녁 꽃받침 번진다 꽃 지하도 술 취한다 남자 베다 누운다 꽃 저녁 식탁 초대 염소 위한다 꽃 꽃 갉아먹다 꽃 입 앙다문다 암 병동 바쳐진다 꽃 그래도다 꽃 꽃잎 게우다 꽃 너 낳다 여자 네 내민다 꽃 제사상 없다 꽃 꽃 집 팔린다 꽃 파견 나갔다 돌아오다 꽃 가시 뺏기다 향기 날려다 꽃 그래도다 꽃 바람 때 꽃 되다 심장 꽂힐다 꽃 꽃']","꽃(0.059), 숲(0.034), 잎(0.023), 피다(0.018), 장미(0.017), 가지(0.016), 은행나무(0.016), 꽃잎(0.015), 목련(0.014), 산(0.013)"
2,187,2_아버지_어머니_엄마_아들,"['아버지', '어머니', '엄마', '아들', '고모', '돈', '형', '동생', '누나', '젖']","['나 아버지 낫 팽이 깎다 아버지 썰매 만들다 아버지 나 준다 이른다 아침 담배 연기 저녁나절 비틀거리다 그림자 내 아버지 사랑 모르다 며칠 아버지 집 비우다 집 춥다 느껴졌다 그게 사랑 사랑 아버지 나 사랑 아버지 술 취하다 내 이름 부르다 형제 아버지 이야기 하다 웃다 아버지 옛날 얘기 속 나오다 나무 농부 몰라요다 있다 사람', '코 없다 콧구멍 들어오다 아버지 귀 없다 귓구멍 나가다 아버지 문 없다 항문 들어오다 눈 없다 눈구멍 나가다 아버지 구멍구멍 들락거리다 아버지 아버지 기이다 란 아버지 혀 떨어진다 입 속 날름거리다 아버지 갈라진다 아버지 목구멍 넘어가다 아버지 아버지 창자 없다 내장 타다 내려가다 아버지 사타구니 사이 아가리 벌리다 아버지', '와요다 아버지 음부 나눠다 만들다 아버지 수제품 아버지 웃다 아버지 아버지 첫날밤 침대 어머니 창자 짠다 화환 붉다 푸르다 걸려다 벗다 아버지 밀봉 아버지 쇠가죽 질겨다 아버지 처녀막 찢다 손잡이 달린다 나 성기 아버지 죽여다 아버지 손잡이 아버지 심장 터져다 황홀경 아버지 절정 아버지 비명 레이스 비명 프릴 비명 란제리 밤 단장 아버지 처 아버지 그래다 아버진 갈보 사지 버르적거리다 경련 아버지 좋다 아버지 아버지 아버지 뿌리 파내다']","아버지(0.077), 어머니(0.052), 엄마(0.051), 아들(0.025), 고모(0.018), 돈(0.018), 형(0.017), 동생(0.015), 누나(0.012), 젖(0.012)"
3,182,3_개_감자_씹다_짖다,"['개', '감자', '씹다', '짖다', '전복', '돼지', '접시', '닭', '밥', '고기']","['문 열다 들어와다 어둠 속 검다 개 부를다 때 검다 개 소리 겨울 저녁 반 밖 캄캄하다 불러다 들다 이렇다 스위치 누르다 벽 천장 흰빛 쏟아져다 내린다다 검다 개 검다 소파 웅크리다 잠들다 움직임다 없다 부르다 눈 뜬다다 검다 개 일어선다다 검다 개 비틀거리다 거실 돈다다 검다 개 한동안 멈춰다 검다 개 얼굴 돌리다 순간 눈 짧다 강철 같다 빛 튀어나온다 검다 개 문밖 달려다 나가다 뒤쫓다 나갔다 검다 개 보이다 검다 개 찾다 여기저기 뛰다 다닌다다 검다 개 부르다 길 서다 한참 헤매다 찾다 돌아설다 때 검다 개 나 등 뒤 서다 손 뻗다 잡다 하다 재빠르다 달아나다 검다 개 따라다 달린다다 길 가운데 서다 큰다 소리 개 불러다 본다다 검다 개 나타나다 나 집 돌아온다다 최근 검다 개 나 대부분 시간 방 보내다 필요 사다 때 제외 집 안 머물다 우리 어디 가다 어디 원치다 어디 가다 모르다 되다 어두워진다 창 만든다 눈 사람 눈 사람 유리창 검다 개 나 들여다보다', '개 짖다 개 어디 짖다 있다 개 내 머릿속 짖다 있다 내 발꿈치 짖다 있다 개 내 손바닥 짖다 있다 내 허리 짖다 있다 개 내 엉덩이 속 짖다 있다 개다 카페 전동차 은행 냉면 집 꽃집 축구장 족구 장 목욕탕 경찰서 법원 공항 부두 택시 짖다 있다 개 짖다 개 간헐 짖다 짖다 개 없다 나 개 나 개 대해다 말 있다 내 인간 대해다 말 있다 옆집 개 있다 옆집 개 있다 얼굴 보다 얼굴 얼굴 개 있다 옆집 옆집 개 있다 개 있다 모르다 나 개 대해다 생각 있다 쓸다 있다 개 주인 좋아하다 개 지나친다 기대 하다 좋다 개 아이 유사점 많다 개도 치매 걸리다 우수 열등 있다 차이 크다 개 짖다 개 짖다 여름밤 외로움 뉘앙스 준다다 계절 바람 골목 개 많다 짖다 때 시끄럽다 개 짖다 꿈 짖다 개 만나다 나 꿈 짖다 개 되다 나 네 나 꿈 짖다 개 바란다다 개 짖다', '개 의식 이전 이후 그러다 개 불어났다 앞발 든다다 몸 흔들다 보인다다 짖다 무기 상처 받다 개 있다 피해 받다 개 없다 혀 내밀다 나 거울 앞 개 들다 개 거울 개 눈 맞추다 바랐다 시선 닿다 개다 거리 산책 짖다 개 사이 겁 많다 종 물체 뒤 응시 나 개 옆 없다 들다 눈앞 없다 개 나 자세 유지 움직이다 개 눈앞 향해다 짖다 나 나 같다 종 눈 피하다 개 꼬리 흔들다 개 본능 앞지른다다 앞지르다 그것 해소 개 주인 없다 없다 주인 달려다 나갔다']","개(0.059), 감자(0.021), 씹다(0.020), 짖다(0.020), 전복(0.018), 돼지(0.015), 접시(0.015), 닭(0.014), 밥(0.014), 고기(0.014)"
4,146,4_여분_한쪽_자줏빛_대해다,"['여분', '한쪽', '자줏빛', '대해다', '겪다', '결정', '필요', '참다', '원했다', '애인']","['자줏빛 심장 대다 자줏빛 자줏빛 말 하다 건너가다 가슴 박동 자줏빛 자줏빛 어린다 어둠 거기 자라다 자라다 어둠 아무렇다 자줏빛 자줏빛 피부 이루다 심장 자줏빛 자줏빛 알다 없다 자줏빛 자줏빛 자줏빛 자줏빛 심장 새다 되다 사내 자줏빛 자줏빛 사내 되다 하다 묻다 비다 나 말 말 말 말 말 하다 하다 자줏빛 자줏빛 태어나다 하다 바람 어린다 어둠 줄 대다 피부 자줏빛 자줏빛 살다 무서움다 목책 자줏빛 자줏빛 토라진다 나무 마른다 겨울 산등 자줏빛 얼어붙다 엄마 맘 마다 자줏빛 자줏빛 심장 심장 대다 자줏빛 자줏빛 입술 벌려다 전 숨겨둔다 오후 구더기 들끓다 당신 당신 당신 끝나다 자줏빛 자줏빛 당신 내 알다 알다 안다고다 뱉다 지지 어깨 꺼다 꺼다 꺼내다 상처 난 발 자줏빛 자줏빛 밟다 서다 자줏빛 심장 대다 데다 자줏빛 자줏빛', '한쪽 생겼다 느낌 한쪽 생겼다 그녀 곳 한쪽 생겼다 한쪽 영원 한쪽 평등 한쪽 생기다 알다 한쪽 생겼다 한쪽 영원 같다 한쪽 살다 있다 한쪽 생겼다 공장 겪다 일 떠오른다다 한쪽 한쪽 한쪽 마지막 믿다 한쪽 편안 한쪽 일 찾다 없다 때 한쪽 부르다 했다 한쪽 한쪽 한쪽 잎 만들다 그물 있다 하늘 한쪽 결심 늙다 잃다 한쪽 한쪽 일 천장 많다 소리 들리다 시선 한쪽 모았다 한쪽 한쪽 생각 한쪽 천장 한쪽 풍경 한다다 한쪽 꿈 몸 결국 한쪽 마음 한쪽 한쪽 공장 일 바퀴 둘다 없다 한쪽 바퀴 품다 한쪽 그녀 곳 향해다 바퀴 굴렀다 한쪽 한쪽 구체 한쪽 미안 한쪽 바쁘다 한쪽 한쪽 닳다 과일 지침서 바퀴 지붕 안전모 한쪽 있다 구른다다 한쪽 남다 한쪽 구분 일 그녀 느낌 사다 한쪽 생겼다 한쪽 한쪽 생겼다', '여분 생각 여분 있다 여분 없다 여분 생각 여분 온다다 여분 많다 여분 남다 여분 언제 여분 여분 가다 남다 여분 생각 여분 많다 여분 생각 여분 적다 여분 생각 여분 없다 있다 여분 생각 고맙다 남다 고맙다 고맙다 여분 나 여분 여분 여분 가치 말 여분 가치 없다 여분 알아듣다 알아듣다 몰라도다 여분 여분 말 여분 돌아가다 생각 여분 여분 하다 생각 여분 여분 여분 남기다 왔다 여분 주위 여분 묻히다 여분 여분 여분 그러실다 필요 없다 여분 바지 주머니 찔러다 갔다 여분 남기다 갔다 여분 많다 여분 생각 여분 떠오르다 여분 여분 그렇다 많다 여분 남기다 여분 여분 생각']","여분(0.032), 한쪽(0.025), 자줏빛(0.024), 대해다(0.020), 겪다(0.018), 결정(0.016), 필요(0.015), 참다(0.014), 원했다(0.014), 애인(0.014)"
5,117,5_아이_선생_소녀_학교,"['아이', '선생', '소녀', '학교', '교실', '그리다', '돌', '벽', '수업', '학생']","['아이 대해다 쓰다 시 앞 보다 저물녘 아이 길 배워가다 시 나 쓰다 아이 내민다 길다 가늘다 하얀다 지팡이 길다 가늘다 하얗다 빛난다다 그것 본다 아이 웃다 나 아이 즐거움 모르다 적다 아이 뒤 선생 구령 붙인다다 사이 짚다 아이 넘어지다 그것 나 불안 만든다라고다 적다 문장 지우다 하다 나 하다 무엇 무엇 모르다 깨다 깨져다 거기 어둠 있다 좁다 많다 많다 그 돌아오다 길 대해서다 아무것 적다 한다다 나 그것 보다', '아이 지치다 아이 놀이 바라보다 아이 놀다 어른 응원 힘내다 힘내다 울다 끝날다 같다 아이 멈추다 간식 준비 옥수수 식다 어른 지치다 어른 시선 밖 아이 떠내려오다 아이 물 빠질다 때 물 튀다 올랐다 내 얼굴 물 뿌리다 아이 물 속 숨다 찾다 있다 같다 아이 나오다 잃어버렸다 떠내려가다 신발 찾아와다 신겨다 아이 어른 보였다 아이 웃음 파랗다 변해 아이 아이 따라다 놀다 집 가다 해다 집 갈다 시간 물 나오다 아이 어른 수 많다 아이 물 나온다다 아이 물 자랐다 수건 감싸이다 젖다 신발 늘다 줄지다 앉다 파란다 입 옥수수 품다 먹다 그것 먹다 치우다 바라보다 아이 다가와다 나 흔든다다 가다 놀다 나 일어나다 신발 찾다 없다 신발 신다 양말 젖다 불다 발 맞다 양말 끝 잡아당겼다', '아이 있다 아이 작다 아이 작다 작다 아이 있다 아이 방 있다 아이 방 있다 아이 엎드려다 아이 자다 아이 엎드려서다 무언가 그리다 아이 자세 바꾸다 엎드려다 그림 그리다 아이 그림 집중 아이 멈추다 자신 그림 본다다 아이 그림 그리다 아이 크레파스 그림 그리다 아이 웃다 아이 그림 그리다 아이 그림 흩어진다 크레파스 상자 담다 아이 크레파스 서랍 넣다 아이 아이 그린다 그림 본다다 아이 스케치북 덮다 펼쳐둔다 밖 나간다다 아이 뛴다다 아이 언덕 뛰어내려다 아이 몸 가벼워진다다 아이 언덕 뛰어내려다 그림 그린다 후 아이 언덕 뛰어내려다 아이 있다']","아이(0.127), 선생(0.042), 소녀(0.026), 학교(0.017), 교실(0.017), 그리다(0.016), 돌(0.014), 벽(0.014), 수업(0.013), 학생(0.012)"
6,117,6_겨울_외투_얼음_폭설,"['겨울', '외투', '얼음', '폭설', '눈송이', '하얗다', '사라', '악어', '위하다', '하얀다']","['겨울 엉겅퀴 보다 겨울 엉겅퀴 겨울 언덕 겨울 언덕 모르다 겨울 달 겨울 언덕 위 나 나 시작 너 너 시작 뻐꾸기 울다 우다 뻐꾸기 보다 보이다 나 보이다 너 보다 가다 겨울 언덕 겨울 언덕 모르다 보이다 손뼉 칠다 손뼉 치다 뻐꾸기 날아오를다 발견 그곳 나 마음 가깝다 나 거기 시작 너 겨울 엉겅퀴 보다 나 잃어버렸다 오늘 잊다 있다 깜빡했다 겨울 달 겨울 언덕 겨울 구름 아래 흐른다다 구름 정지 그것 나 마음 가깝다 달 흐르다 너 흐르다 나 보이다 손뼉 칠다 손뼉 치다 짧다 가볍다 우리 우리 모를다 겨울 언덕 오늘 잊다 꺼내다 보였다 너 보다 나 보다 너 보다 놓친다 흐른다 영화 흘러가다 내 손바닥 영화 새겨지다 너 여기 모기 물렸다 귀여운다 모기 자국 생겼다 너 보다 놓칠다 엉겅퀴 놓칠다 새 흐를다 봄', '우울 속 겨울 겨울 겨울 나 앉다 나 서다 나 누워다 우울 속 겨울 겨울 대기 차다 겨울 그림자 가을 그림자 가볍다 나 오전 책 읽다 나 오전 담배 피우다 커피 마시다 바나나 먹다 우울 속 장소 이미지 장소 이미지 그것 거기 머물다 증발 감 나 그때 학동 지나가다 나 그때 지나가다 나 그때 지나가다 나 그때 지나가다 나 그때 지나가다 나 그때 지나가다 나 그때 예 장동 지나가다 나 그때 지나가다 나 그때 지나가다 나 그때 지나가다 나 그때 지나가다 나 지나다 갔다 나 지나다 나 우울 속 겨울 바람 차 겨울 풀 나 겨울 풀 밟다 나 버린다다 꽃잎 떼다 나 저기 있다 나 저기 있다 겨울 겨울 나 겨울 우울 속 겨울 그림자 나 나 나 썼다 나 쓰다 무엇 나 우울 속 쓴다다 겨울 겨울 겨울 그림자 가볍다 혼신 하다 그림자 겨울 그림자 우울 속 나 친하다 같다 나 아무것 하늘 파랗다', '겨울 오다 이 흔들린다다 겨울 오다 그 듣다 겨울 오다 너 털장갑 꺼내다 낀다다 겨울 오다 너 맞춤법 신경 쓴다다 겨울 오다 그 죽음 기다린다다 겨울 오다 너 시 쓴다다 봄']","겨울(0.069), 외투(0.023), 얼음(0.023), 폭설(0.017), 눈송이(0.016), 하얗다(0.015), 사라(0.015), 악어(0.015), 위하다(0.015), 하얀다(0.014)"
7,112,7_비_젖다_우산_빗방울,"['비', '젖다', '우산', '빗방울', '내린다다', '빗줄기', '무지개', '빗소리', '골목', '올빼미']","['비 곱다 찢다 가루 만들다 비 내린다다 물방울 줄지다 비 내린다다 몸 비 퍼내다 비 흔적 비 흐르다 흐른다다 비 내리다 기억 추억 스며들다 창밖 매달려다 누가 비 난도질 있다 말 비 토막 살 해도다 비 줄지다 내린다다 비 해다 유일 길 태양 하루 종일 붙들다 매다 일 비 살균 비 해다 태양 몸 안 심다 일 불타다 몸 불타다 갈가리 찢어지다 비', '비 본다 비 훔쳐다 젖다 있다 가운데 서다 비 만지다 비 동굴 안 잠입 들어가다 많다 번호 비 남발 삐삐 내리다 전선 나 간지럼 태우다 비 타들다 비 흘리다 비 비 맞다 바람맞다 몸 모른다다 비 태워다 사람 비 무섭다 타들다 알다 비 관절 끊다 소리쳐다 울부짖다 알다 삐삐 신호 받다 비 내린다다 길 걸어가다 비 쉬다 어디 기어들다 지붕 뚫다 이불 뚫다 방바닥 뚫다 영혼 뚫다 비 타올라다 비 내린다다 비 내리다 지상 타오른다다 나무 태워다 길 태워다 사람 태우다 비 내린다다 비 훔쳐다 비 연달다 비 발정 비 미친다 비 내린다다 내리다 비 훔쳐다 온몸 타올라다 비 내린다다 비 탐 비 망한다는다 비 사전 보다 비 비 훔친다다 비 비 아프다 비 본다 비 훔친다 아픈다 비', '비 젖다 비 관절 적셔다 비 근육 비 만나다 비 성기 일어선다다 비 비 만져다 비 솟구치다 하다 비 흐른다다 비 냄새 비 향기 시궁쥐 비 달린다다 비 남용 비 비 중독 비 어찌할다 소리쳐다 부르다 젖다 드다 젖다 살 비다 비 젖다 비 껴안다 비 내린다다 비 근육 부서져다 통통거리다 내린다다 비 어찌할다 비 멈추다 없다 비 뼈 영혼 비 내려다 비 흘리다 비 무너진다다 무너지다 비 무너지다 영혼 비 비 비 영혼 자유 하리다 뚜 흐른다다']","비(0.132), 젖다(0.041), 우산(0.034), 빗방울(0.030), 내린다다(0.028), 빗줄기(0.025), 무지개(0.015), 빗소리(0.013), 골목(0.013), 올빼미(0.013)"
8,106,8_그녀_골다_나열_골목,"['그녀', '골다', '나열', '골목', '여인', '유방', '안개', '베레모', '머리카락', '빨래']","['그녀 댄다다 그녀 웃다 그녀 눕다 사라진다다 그녀 방 있다 그녀 사직서 냈다 직업 없다 그녀 브로드 웨이 걸다 번가 지나갔다 노점 출다 크루아상 판매 그녀 근처 가게 떨이 나온다 파운드케이크 산다다 그녀 산다다 그녀 웃다 운다다 그녀 작다 담배 있다 그녀 담배 피운다다 그녀 그 때 모서리 있다 그 그녀 있다 방 돌아왔다 우리 맥주 병 럼 병 마시다 아무것 먹다 저녁 먹다 일 맞다 때 아무것 게워다 있다 복날 무더위 개 되다 마음 개다 글 속 마음 속 개 되다 재 된다 짧다 마음 주워야다 그래야다 껍데기 속 그녀 앉다 있다 모두 주인공 모두 꽃목걸이 걸다 그녀 오늘 꽃 목 걸다 흐드러지다 향기 속 환영 보였다 아메리칸드림 이곳 지상 없다 휴가 이번 누가 돌아올까다 오늘 누가 살다 돌아올까다 병 견디다 휴가 계속 휴가 지겹다 지겹다 휴가 날 밤 새다 손가락 까먹다 정도 지겹다 여름 개 지겹다', '나 기차 실려다 풍경 세다 흔들리다 그녀 그녀 팔 다리 떨어져다 나갔다 아다 그녀 물다 기좌 그녀 이웃 지켜보다 가운데 공원묘지 묻혔다 가족 뒷산 묻혀다 그녀 마지막 평화 호텔 돌아오다 길 캄캄하다 길다 그녀 그녀 머리 한다 손 들다 그녀 허공 휘젓다 그녀 다리 여기 허방 걸어서다 마지막 인사 전했다 오늘 달 뜨다 날 그녀 얼굴 나와다 닮다 낯선다 고통 호텔 돌아오다 길 캄캄하다 길다', '눈물 흘릴다 때 푸른다 빛깔 보석 나오다 왕녀 있다 모두 그녀 사랑 모두 그녀 사랑 그녀 밤 슬픈다 꿈 꾸다 낮 눈물 흘리다 없다 슬픔 보석 만들다 상한다 달 빛나다 태양 만들다 그녀 밤 만나다 그 나무 그녀 바라보다 할다 그 꽃 피우다 그 껴안다 그녀 터질다 자신 심장 소리 들다 아침 그녀 침대 앉다 소리내다 울다 그녀 눈 푸른다 보석 바닥 떨어져다 내렸다 모두 그녀 사랑 모두 그녀 사랑 겨울밤 나무 그녀 향해다 손 뻗다 그녀 눈물 닦다 눈 내리다 밤 나무 하얀다 꽃 피웠다 꽃잎 벌판 그 그녀 맴돌다 그녀 자신 눈알 꺼내다 그 발밑 심다 눈부시다 빛나다 그녀 눈알 속 있다 그녀 눈알 속 있다 그녀 태양 보다 되다 아침 되다 그녀 감다 눈 뜨다 움직이다 모두 그녀 사랑 모두 그녀 사랑 그녀 이상 울다 그녀 감은 눈꺼풀 속 검다 깊다 구멍 속 하얀다 꽃잎 흩어져다 내렸다']","그녀(0.140), 골다(0.027), 나열(0.025), 골목(0.020), 여인(0.018), 유방(0.017), 안개(0.015), 베레모(0.015), 머리카락(0.011), 빨래(0.010)"
9,105,9_사내_노인_지하_자신,"['사내', '노인', '지하', '자신', '물체', '인간', '개', '태양', '남자', '표정']","['약국 향하다 사내 따라다 걸다 갈등 오래전 겨드랑 의 뒷주머니 손 찔러다 넣다 약국 향하다 사내 의 전 전 시간 전 약국 향하다 사내 의 전 전 태어나다 전 떠올리다 사각형 바깥 가로지르다 약국 향하다 사내 의 쓰러진다 그림자 밑 흐르다 이유 없다 전 전 사라지다 전 약국 향하다 사내 가다 과 사이 눈 일 때 몸 안 어둠 달려오다 자동차 몸 피한다다 나 너 그 그녀 만들다 있다 햇빛 아래 일인칭 빈속 먹다 약사 말 알다 선생 하다 사내 될까다 거스름돈 받다 사내 될까다 돌아오다 저녁 벤치 앉다 물약 마시다 사내 될까다 노을 배경 내일 점심 약속 사내 될까다 그림자 모른다 약국 향하다 사내 될까다 사내 슈퍼 뛰어가다 학생 상한 우유 따지다 여자 변기 고치다 남편 될까다 집 도착 때 손 약봉지 돌리다 무언가 될까다 빈다 칸 알맞다 무엇 될까다', '지하 보도 숨다 살다 미확인 지하 물체 추락 사건 진상 사건 지하 지상 불시착 점 자정 넘다 밤 지하 물체 지상 떠올랐다 도로 위 미동 정지 브레이크 굉음 환한다 헤드라이트 불빛 지하 물체 자석 끌어당겼다 후 도마 위 피 닦다 행주 정부 비밀 요원 지하 물체 수거 갔다 지하 물체 불시착 자리 흰다 테두리 인간 형상 그려져다 지하 물체 밝다 빛 둘러싸인다 미지 공간 냉동 보관 차가운다 수술대 위 놓였다 낯선다 언어 구사 코 입 없다 녹색 외계인 지하 물체 학술 해부 외계 우주선 하다 지하 물체 지하 세계 사라졌다 누군가 헛디딘다 계단 미확인 지하 물체 뺑소니 같다 빠르다 지하 세계 숨어들다 레지스탕스 지하 물체 핍박 피해다 지하 숨어든다 자신 메시아 믿다 지하 광장 분수대 밑 쪼그려다 앉다 지하 물체 은백색 비행접시 찾아와다 구원 메시지 날라다다 인간 신 형상 신다 인간 형상 미지 외계인 미확인 지하 물체 선택 예언 말씀 지하 세계 무료 신문 속 외계인 의한다 피랍 수 인체 발화 수 늘어났다 기사 지다 하단 가십난 숯불 글씨 씌다 티브이 검다 복면 쓴다 테러리스트 외계인 피랍 영화 보다 모방 범죄 저지르다 교회 십자가 위 둥글다 흰빛 미확인 비행 물체 후광 머물렀다 공중 들다 올려졌다 지하 광장 지하 물체 피랍 순간 기다렸다 지상 지하 경계 왕래 맨틀 에스컬레이터 인간 태우다 움직이다', '사내 밤 길 잃다 길 그 뱉다 골목 가로등 보이다 되다 그 뱉다 길 주둥이 길 똥구멍 사내 알다 길 벗어나다 그 짓물러다 길 위 있다 나무 썩다 뿌리 드러내다 서다 사내 손 나뭇가지 붙잡다 무거운다 공중 흘러다 다니다 개구리밥 사내 형체 유지 몸 달라붙다 몸 푸른다 비늘 돋아난다 같다 사내 제 푸른다 도마뱀 될다 생각 혀 날름거려다 보다 웃음 소리 몸 안쪽 서 울려다 나오다 내장 웃다 사내 배 움켜잡다 멈추다 웃음 소리 사내 입 밖 흘러나오다 사내 몸 곳곳 퍼져다 나갔다 웃음 소리 사내 몸 길다 가늘다 사내 덩굴 되다 푸른다 비늘 같다 이파리 사내 몸 덮다 사내 가다 가지 뻗다 길 더듬다 사내 길 위 돌아왔다 알다 없다 밤 막다른다 길 담장 덮다 덩굴 이파리 웃음 소리 흔들리다 흔들리다 들리다 들리다']","사내(0.036), 노인(0.019), 지하(0.018), 자신(0.015), 물체(0.014), 인간(0.013), 개(0.013), 태양(0.012), 남자(0.012), 표정(0.012)"
10,85,10_나비_날개_거미_비둘기,"['나비', '날개', '거미', '비둘기', '새다', '구멍', '깃털', '부리', '날다', '공']","['청산 맘속 하루 종일 상스런다 욕 해다 누에 따라다 발목 잡다 향기 꽃 뿌리치다 나비 청산 갈다 있다 그곳 사다 꽃 꽃 모가지 베다 靑 江 뿌리다 가시 울타리 날개 찢긴다 나비 모질다 찢긴다 나비 그날 여왕 되다 새 아래 머리 조아리다 세상 가벼운다 영혼 대접 받다 곳 나비 청산 가다 그곳 말 푸른다 탱자 가시 창궐 보다 푸름다 하늘 탑 닿다 영혼 폭발 같다 그곳 생각 여름날 들판 맞닥뜨린다 소낙비 냄새 나 비 고함 치다 보다 고함 치다 청산 무서워다 뒷걸음질 치다 나비 그곳 네 날개 문양 새길다 필요 없다 가시 울타리 긁힌다 상처 문양 되다 피 문양 가문다 대대로 영광 봄날 자욱 돋아나다 아지랑이 들판 가로지르다 나비 청산 가다 봄 되다 사타구니 벌리다 꽃 선 매독 내 나 가다 지쳐다 공중 떨어지다 나비 내 몸 허공 떠다니다 시작 영혼 화한다 몸 가볍다 청산 가다 봄날', '나비 밀어내다 나비 날아간다다 나비 접힌다다 펴다 나비 될까다 나비 될다 있다 나비 밀어내다 나비 깜빡인다다 나비 몸 가볍다 생각 가볍다 마음먹다 날아가다 드물다 인형 공중 매달려다 나비 달아나다 나비 돌아온다다 나비 밀어내다 나비 닮다 옥타브 벗어나다 나비 따라다 부르다 어려운다 나비 나비 밀어내다 나비 넘어선다다 높다 나비 비 온다다 비 간다다 나비 버리다 간다 나비 나비 채우다 나비 줄 인형 꽃밭 속 나비 담근다다 나비 될까다 나비 될다 있다 나비 밀어내다 나비 발생 나비 서성이다 나비 날아간다다', '거미줄 나비 몸 거미 뱃속 통과 나비 허공 그려다 날갯짓 나비 거미 선물 허공 먹혀서다 밥그릇 나비 나비 불러다 파닥이다 허공 지진 바람 허락 허기 바닥 파다 돌멩이 그리움 받친다다 부딪침다 전하다 햇빛 거미 거미줄 사이 나비 생 있다 거미 몸 지나다 거미줄 서다 거미 이전 자신 부르다 그것 어머니 아버지 닮다 형 미워하다 사연 내게는 사랑 얼굴 바꿔다 오다 이유 나비 나비 가다 세상 흔든다다 흔들려다 非情 완성']","나비(0.053), 날개(0.036), 거미(0.035), 비둘기(0.031), 새다(0.028), 구멍(0.021), 깃털(0.019), 부리(0.017), 날다(0.017), 공(0.016)"
11,85,11_시_시인_시집_동무,"['시', '시인', '시집', '동무', '소설', '자신', '미안', '당나귀', '문학', '산문']","['화살 날아와다 박히다 전 시인 안 화살촉 틈 있다 시인 먹다 때 입 때 때 화장실 시인 뒤집어썼다 눈 뜨다 온몸 낯선다 박동 남다 사라졌다 보편 시인 일 그러다 시인 아무 편식 영혼 되다 주머니 속 손 넣다 걸으면다 아무것 주울다 필요 없다 사람 보이다 시인 시인 멋지다 물다 연기 뿜다 감각 가지다 했다 시인 시간 지날수록다 입속 보풀 일다 방 돌아온다 시인 시인 뛰쳐나왔다 시인 시인 두들겨팼다 맞다 시인 시인 시인 속 들어갔다 거기 시인 시인 때리다 시작 시인 사랑 폭력 초월 들뜬다 눈물 눈물 시인 안 시인 모양 틈 있다 시인 시인 없다 시인 자식 시인 죽이다 오다 비열 자식 칭찬 시인 시인 늘려다 자식 입혀다 천사 천사 중요 순백 날개 가르쳐다', '나 시 쓰다 시 쓰다 시 쓰다 시 쓰다 시 쓰다 시 쓰다 시 쓰다 시 쓰다 시 쓰다 시 쓰다 시 쓰다 시 쓰다 시 쓰다 시 쓰다 시 쓰다', '나 시 썼다 시 예전 읽다 시 내 읽다 시 맞다 확인 책장 책장 곳 찾다 시 있다 시집 찾다 없다 나 서점 가다 시집 찾아보다 제목 기억 제목 흔한다 단어 이루다 기억 나 시 시 닮다 생각 어디 본다 없다 나 나 시 친구 내 시 보여다 시 친구 내 쓴다 시 보다 그러다 어디 읽다 같다 모르다 내 시 읽다 나 시 썼다 시 친구 친구 소개 우리 자기 쓴다 시 보여다 우리 시 닮다 갔다 우리 시 쓰다 얘기 해다 모르다 그 시 쓰다 그만두다 나 많다 잊어버린다다 그 이름 기억 나다 예전 썼다 시 서랍 속 발견 거기 이름 씌다 그게 내 시 친구 시 모르다 나 시 쓰다 나 그것 반 접다 된다 시집 사이 끼워다']","시(0.113), 시인(0.104), 시집(0.031), 동무(0.028), 소설(0.025), 자신(0.020), 미안(0.019), 당나귀(0.016), 문학(0.015), 산문(0.014)"
12,75,12_편지_필자_칠판_글자,"['편지', '필자', '칠판', '글자', '페이지', '앞치마', '책상', '종이', '우체통', '유진']","['여자 당신 술잔 끝 가다 마음 말 하다 듣다 끝 당신 말 하다 어쩐다 일 저 알다 되다 술잔 끝 편지 놓다 손 감싸다 그것 불멸 체온 보이다 봉투 보이다 하다 봉투 당신 편지 늦다 찾다 있다 찾다 있다 저 모르다 저 편지 아무것 적다 얼음 문자 휘발 암호 무언가 적다 당신 말 우리 그때 젊다 말 편지 당신 발견 없다 우리 시간 필요 제 떠날다 시간 당신 이곳 남다 시간 당신 깊다 곳 당신 끝 갈다 시간', '우체국 나 온다 편지 읽다 정리 편지 집 가져오다 한다다 언제 훔친다 편지 정기 구독 연도 묶다 편지 운동 상자 넣다 몽유병 편지 날 떠돌다 나 편지 정리 우체국 집 엽서 앞면 뒷면 붙다 나 하루 단조로운다 론도 있다 때 편지 꺼내다 읽다 고쳐다 써볼다 때 있다 고쳐다 쓴다 시간 적막 눈 되다 쌓인다다 시간 필사 메다 하다 이 뿌려진다 앞면 깨어나다 우체 국장 혼난다다 어디 본다 말 눈 밑 그늘 쌓이다 하루 끝 나 나 깊다 상자 들다 나 몸 편지 접히다 나 편지 되다 까만다 겨울 바다 추락 눈부신다 장난 나부끼다 출렁이다 우편 공간 살얼음 간다다 지각 카드 나', '필자 되다 필자 되다 쓰다 필자 필자 대해다 말 말 쓴다다 필자 팔자 없다 나 대신 그러다 내 되다 내 되다 말 순간 필자 쓰다 마치다 이름 적다 하단 상단 들어가다 이름 필자 필자 내 이름 적다 읽다 필자 글 필자 필요 하다 글 필자 맞다 고치다 다듬다 발표 필자 글 필자 될다 없다 글 필자 되다 괴로운다 글 그동안 버리다 써다 필자 모른다다 필자 된다 이상 필자 모르다 필자 글 오랜만 읽다 필자 썼다 필자 발표 글 필자 좋다 할까다 그건 모를다 일 필자 몰라야다 알다 좋다 없다 필자 글 평가 필자 글 읽다 분개 필자 사람 필자 같다 필자 남겨다 악담 분개 치 떤다 필자 사람 필자 되다 애쓰다 필자 무식 용기 좌절 절망 필자 체념 사람 무성의 세계 외면 받아들이다 필자 글 필자 좋다 좋다 필자 제외 사람 있다 글 쓸다 같다 계속 쓸다 같다 계속 내 필요 같다 계속 내 등장 이유 필자 글 읽다 안다다 나 말다 누구 필요 하다 필자 글 읽다 고친다다 다듬다 나 필자 될다 같다 팔자 없다 필자 글 끝나다 내 이름 적다 일 남다 상단 하단 필자 밝힌다다']","편지(0.062), 필자(0.049), 칠판(0.044), 글자(0.039), 페이지(0.034), 앞치마(0.025), 책상(0.023), 종이(0.021), 우체통(0.020), 유진(0.019)"
13,68,13_복도_오류_의자_침대,"['복도', '오류', '의자', '침대', '병', '계단', '구두', '거울', '열리다', '그럴듯하게다']","['오류 오류 쌓다 계단 오르다 계단 내려가다 오류 오류 쌓다 층계참 하늘 보다 땅 보다 중간 어디 보다 오류 오류 쌓다 날 담배 피우다 선수 움직임 상상 오류 오류 쌓다 오류 오류 낳다 버드나무 모옥 와옥 오류 오류 낳다 오류 오류 쌓다 오류 오류 쌓다 오류 오류 쌓다 습관 너 사랑 습관 이상 너 사랑 오류 오류 쌓다 전투기 지나가다 가을 하늘 뭉게구름 오류 오류 쌓다 책 덮다 창밖 오후 가을 그리움 마르다 마지막 쓰르라미 토할다 토하다 오류 오류 쌓이다 그리움 발바닥 땀 같다 닮다 오류 오류 쌓다 절망 절망 배반 망각 이르다 절망 커피 식고 그리움 쌓이다 오류 오류 쌓다 굳다 마르다 부서지다 흘러가다', '복도 걸어간다다 복도 손 대다 복도 손 불편 된다 손 복도 읽다 손 목 조른다다 숨 쉬다 공기 복도 묻혀다 모서리 채찍 휘두른다다 복도 나 지나다 몰려다닌다다 나 곳 몰려다 나 손 떨어뜨린다다 떨어뜨린다 손 줍다 복도 연결 내 손 복도 복도 사이 흘러다 다닌다다', '긴다 의자 복 복도 긴다 의자 긴다 의자 창문 있다 창문 네 보다 되다 있다 있다 고개 돌리다 있다 네 끌어당겨다 도망 있다 복도 달음질치다 복도 있다 뛰다 의자 관자놀이 있다 관자놀이 잃어버린다 의자 있다 의자 의자 의지 있다 의지 비다 순간 있다 순간 잦아진다다 빈다 복도 들려오다 노래 있다 의자 앉다 그것 듣다 의지 있다 순간 잦다 의자 접힌다다 의자 던져다 의자 점 작다 의자 지우개 지워다 팔 점 번진다다 흩어진다 점 흩어진다다 팔 흩어진다 의자 흩어진다 복도 들다 올리다 팔다 산재 무게 들다 올리다 의자 펼쳐진다다 의자 녹다 의자 생각 의자 땀 젖다 의자 고개 처박다 의자 물 젖다 의자 앉다 의자 앉다 의자 소용돌이치다 부분 된다다 의자 소용돌이 삼킨다 식도 된다다 뛰다 관자놀이 된다다 긴다 의자 헤매다 복도 된다다 떠들다 위해다 의자 입술 없다 지속 의자 부족 다리 위해다 의자 입술 없다 지속 복도 사라지다 놀이 하다 아이 있다 놀이 속 서다 아이 사라질다 때 깨어나다 복도 있다 돌아오다 돌아와다 웅얼거리다 웅얼거림다 있다 웅얼거림다 웅얼거리다 긴다 복도 있다 복도 길다 자라다 하다 웅얼거림다 있다 복도 입 없다 복도 혀 없다 복도 식도 의자 앉다 복도 의자 지탱 의자 앉다 의자 전개 의자 좌절 의자 앉다 복도 좌절 복도 서다 예언자 잠 든다다 잠 깨어나다 그 잠 의자 놓여다 그 잠 흩어져다 팔다 산재 무게 들다 올리다 팔다 산재 무게 없다 들다 올리다 팔다 의자 잠 목축']","복도(0.052), 오류(0.041), 의자(0.035), 침대(0.031), 병(0.027), 계단(0.027), 구두(0.024), 거울(0.023), 열리다(0.023), 그럴듯하게다(0.022)"
14,63,14_노래_기타_연노랑_음악,"['노래', '기타', '연노랑', '음악', '히치', '건반', '가수', '록', '박수', '손가락']","['록 그룹 결성 보컬 선생 퍼스트 기타 쎄 기타 황봉 희 선생 베이스 기타 선생 드럼 선생 밴드 이름 호프집 다트 게임 결정 던졌다 내 던졌다 녹슨다 기타 꺼냈다 아르바이트 하다 샀다 내 노란다 중고 기타 앰프 케이블 녹슬다 없다 쇠 되다 녹 스다 닦다 녹 없다 사이 손가락 녹슬다 손가락 연습 시월 학교 축제 때 제자 앞 공연 한다다 상어 쓰다 영어 들어가다 밴드 멤버 이름 영어', '오빤 가수 될다 학교 운동 장만 무대 노래 부를다 물고기 같다 댄서 조명 끊다 춤 추다 오빤 가수 될다 여자 대신 기타 사랑 빠졌다 배신 하다 여자 온몸 우다 기타 좋다 하모니카 여자 낫다 알다 차갑다 외면 오빤 가수 될다 그러다 개울 나와다 앉다 아침 저녁 노래 하다 오빨 이상 오빤 가수 될다 결혼 하다 아이 낳다 평생 노래 부르다 영화 죽다 폐병쟁이 얼굴 꼬챙이 찔린다 눈빛 빨대 가느다란다 손가락 베짱이 게으른다 천성 오빠 필요 하루 종일 시냇물 들여다보다 휘파람 분다고다 오빠 논다고다 생각 오빠 저주 받다 예술가 피 흘러다 오빤 가수 될다 오빤 때 노래 부른단다다 꿈 목 터지다 오빤 가수 될다 앞 방학 계속 해도다 레코드 가게 없다 촌구석 돌아오다 오빤 가수 될다', '기타 찾다 갔다 팽나무 쓰러졌다 기타 찾다 잤다 방파제 무너졌다 기타 찾다 갔다 기타 물 빠지다 전 기타 찾다 물 떠내려온다 지붕 다리 무너졌다 기타 찾다 갔다 시가지 침수 기타 찾다 갔다 시가지 정전 기타 찾다 갔다 내 수리 맡긴다 기타 괴물 같다 기타 센티멘털 기타 잃다 살아남다 기타 한정판 기타 세상 많다 기타']","노래(0.051), 기타(0.049), 연노랑(0.038), 음악(0.035), 히치(0.029), 건반(0.028), 가수(0.027), 록(0.025), 박수(0.024), 손가락(0.022)"
15,53,15_모퉁이_광장_막차_바깥,"['모퉁이', '광장', '막차', '바깥', '발', '차', '택시', '자동차', '멈추다', '좁다']","['사람 되다 나 막 걸어갔다 막 걸어가다 같다 바깥 나왔다 바깥 한참 걸어가다 길 안 휘어져다 안 사람 되다 나 걸어오다 내 만났다 만나다 사람 되다 막 걸어갔다 나 바깥 걸어서다 안 들어오다 된다 내 만나다 어쩔다 모르다 포개졌다 헤어졌다 포옹 해야다 하다 오렌지 밭 있다 마을 한때 살다 세상 아름다운다 언다 덕 너머 있다 사람 되다 나 해안선 묻다 파도 거품 맞다 사람 나 매장 파도 앞 서다 매장 파도 따라다 파도 사전 속 바람 인 묻다 반짝이다 발 감싸다 기어 기어 올라오다 물 모래 반짝이다 인 같다 거품 금 남겼다 서다 파도 거품 금 묻다 선 위 서다 사람 되다 나 사람 된다 나 사이 경계선 지워졌다 합치 느꼈다 파도 거품 묻다 발 씻다 나 사람 되다 안 바깥 걸다 나오다 파도 거품 묻다 발 가진다 나 만났다 바깥 안 걸어가다 바깥 나왔다 안 바깥 나가다 안 나왔다 안 밖 포개진다 겹침다 선 속 불길 흐르다 오렌지 밭 오렌지 소리 익다 거울 속 극장 대신 같다 가설물 설치 늑대 풀 먹다 떠날다 눈치 사람 거기 살다 긴다 치마 아래 보이다 발 늑대 오물 묻다 향기 풍금 누르다 있다 곳 살다 그녀 있다 풍금 누르다 늑대 발 식도 밖 삐져다 나오다 내 젓가락 들다 바람 앞 앉다 의식 극장 관람', '모퉁이 모퉁이 돌아가다 사람 모퉁이 돌아가다 사람 바라보다 사람 날 모퉁이 돌아가다 내 아침 걸다 날 저물다 진종일 모퉁이 부딪친다 나 모퉁이 모퉁이 드나들다 파다 나 모퉁이 돌아가다 나 모퉁이 파이다 나 모퉁이 꺾이다 어디 언제 모퉁이 끝 간다 없다', '날 당신 앞 모퉁이 나타난다다 모퉁이 당신 보다 될다 이어진다 선분 당신 모퉁이 돌다 모퉁이 발음 모퉁이 발음 모퉁이 돈다다 모퉁이 돌다 지나칠다 있다 오늘 모퉁이 당신 사라지다 나타날다 종용 모퉁이 지나치다 모퉁이 냉정 모퉁이 어둡다 모퉁이 발생 가능 사건 형태 존재 당신 모퉁이 돌다 위 쳐다본다다 하늘 보이다 보이다 되뇌다 감정 할까다 할까다 이것 문장 연습 종류 감정 소멸 거부 종류 감정 삼각형 사각형 각다 도형 감각 위 받다 모종 마음 새장 새 새 새장 휘날리다 은빛 깃털 은빛 깃털 휘날림다 당신 약간 온기 족하다 당신 온기 부족 당신 모퉁이 돌다 오전 오후 연습 나타났다 사라지다 일 불가해 연습 그림자 각도 예측 그림자 일부 된다다 모퉁이 돌다 모퉁이 발음 모퉁이 발음 모퉁이 돈다다 날 당신 앞 모퉁이 나타난다다']","모퉁이(0.053), 광장(0.021), 막차(0.021), 바깥(0.020), 발(0.020), 차(0.018), 택시(0.018), 자동차(0.016), 멈추다(0.016), 좁다(0.015)"
16,53,16_고양이_우산_낯선다_사라집니다다,"['고양이', '우산', '낯선다', '사라집니다다', '배꼽', '지나갔다', '골목', '짐승', '털', '노래']","['당신 가다 좋다 당신 고양이 당신 살다 당신 고양이 살다 동안 내 당신 고양이 밥 주다 양치질 내 시켜다 심장 사상충 약 내 발라다 퇴근 돌아온다 당신 고양이 귀여워하다 하다 됐다 나 아침 저녁 고양이 똥 오줌 치웠다 빠지다 나 털 빗질 관절 약 크릴새우 치약 사료 먹여다 피곤 때 팔 아프다 사냥 놀이 해다 잠 들다 때 턱 쓰다듬다 그래다 당신 고양이 나 맥주 잔 사다 심부름 해다 내 시간 용돈 까먹다 내 어깨 매달려다 눈보라 헤치다 예방 접종 하다 갔다 기분 좋다 때 내 가슴 구름 밟다 뛰어다녔다 내 목 발톱 자국 만든다 내 침대 털다 뭉치 토한다 당신 고양이 당신 고양이 나 도운다 없다 나 사랑 당신 고양이 당신 나 지냈다 당신 간다고다 내 외로울다 같다 당신 가다 괜찮다 내 잠 용돈 바칠다 곳 없다 고양이 달라다 나 나 사랑 존재 내 사랑 존재 필요 당신 가다 고양이 말 하다', '너 너 껴안다 발버둥 사방 고양이 등장 두더지 지면 뚫다 등장 고양이 있다 각성 고양이 살의 고양이 광란 고양이 고무 고양이 어부 고양이 고양이 복서 고양이 피트 활 훔친다 고양이 고양 고양이 수많다 고양이 뛰다 논다다 가지각색 털 휘날린다다 너 반려 히다 쌓인다 털 속 잠겨다 든다다 어둠 온다다', '커튼 앞 여자 앉다 여자 기다리다 고양이 술 여럿 달린다 카펫 지나간다다 카펫 끝 고양이 여자 무릎 위 올라간다다 고양이 무릎 위 지나간다다 여자 허공 손 들다 고양이 꼬리 세우다 걸어간다다 손바닥 고양이 털 지나간다다 머리 지나간다 뒤 꼬리 여자 손 쓸다 오른편 주전자 물 끓다 소리 나다 휘파람 여자 휘파람 집중 사이 고양이 내려가다 없다 여자 고양이 내려갔다 모른다다 주전자 덜그럭거리다 소리 들리다 전 고양이 그림 나 걸어간다다 고양이 당신 앞 걸어오다 고양이 당신 바라보다 걸어오다 고양이 걸어간다다']","고양이(0.199), 우산(0.025), 낯선다(0.024), 사라집니다다(0.020), 배꼽(0.017), 지나갔다(0.017), 골목(0.017), 짐승(0.016), 털(0.015), 노래(0.014)"
17,42,17_별_영광_우주_운석,"['별', '영광', '우주', '운석', '휴지', '지구', '행성', '구', '지포', '빛나다']","['꽃차례 별 운다다 밤 운다다 별 맑다 소리 별 사이 있다 거울 어둠 견디다 금 가다 운다다 되돌아오다 소리 머금다 운다다 맨살 맨살 부딪치다 서러운지다 울다 하다 별빛 지상 왔다 별 울음 소리 도착 별 거처 아다 날 밝다 이별 별도 꽃 갈피 없다 녹슬다 소리 없다 별빛 잠들다 사람 시선 담다 별 눈매 가벼워서다 별빛 떠나다 눈물 시늉 별 남다 우리 지켜본다 별 비문 있다', '두루미 자리 마차부자리 나침반 자리 외뿔소자리 밝다 별 있다 어두운다 별 있다 가까운다 별 있다 먼다 별 있다 삼각형 자리 조각실자리 남쪽물고기자리 북쪽왕관자리 밤하늘 위 너 나 이름 박혀다 울다 말 울다 만드다 사람 철들다 마음 건너뛴다 사철나무 살다 죽다 말 대신 죽다 산다고다 말 일 대해다 육분 자리 자리 자리 인디언자리 너 나 사이 계절 놓여다 어제 쪽지 외투 주머니 넣다 걷다 베가 알타이르 데네브 여름 삼각형 프로키온 시리우스 베텔게우스 겨울 삼각형 별 무엇 별 어디 어디 이동 별 별 만날다 때 너 나 말 어디 어디 흘러가다 거문고 자리 극락조자리 기린 자리 그물자리 독수리자리 서다 뱀주인자리 비둘기 자리 돌고래자리', '나 태어나다 끌어안다 별 버렸다 처마 떨어지다 빗방울 타원 몸 요철 생겨났다 내게서 별 떨어져다 때 나 입 벌리다 울다 화석 울음 비집다 나오다 입 벌어진다 두개골 박혀다 별 모서리 빠져나가다 입 열렸다 사타구니 겨드랑이 쇄골 배꼽 파인다 별 안다 흔적 곳곳 별 체온 묻다 내 떨어지다 별 끌어안다 떨어지다 별 끌어안다 모르다 너 별 버렸다 나 몸 웅크려다 나 안다 내게서 버려진다 별 끌어안다 마음 너 안다 그때 내 어깨 팔꿈치 무릎 손 발 이마 턱 코 별 모서리 스쳐다 별 모서리 맞닿다 찰나 키스 코 턱 혀 부딪침다 이마 맞댄다 이후 이별 이후 구두 뒤축 비벼다 꺼도다 검다 연기 그림자 피어올랐다 그림자 나 향해다 기억 칼 칼 저녁 새벽 하루 공중 베다 낡다 거리 차려입다 닦인다 외투 안 마당 열린다 왈츠 어깨 위 손 별 떠올랐다 반짝이다 지금 뒤 있다 볼다 없다 곳 있다 나 끌어안다 뒤 떠다 팔꿈치 내 몸 모서리 네 끌어안다 떨어질다 별 되다 증거 포옹 우리 몸 빗방울 반짝이다 떨어질다 이곳 저곳 별 끌어안다 마음 밤 나 안다 별 버렸다']","별(0.104), 영광(0.043), 우주(0.036), 운석(0.028), 휴지(0.025), 지구(0.023), 행성(0.022), 구(0.021), 지포(0.017), 빛나다(0.017)"
18,41,18_어울리다_상자_하양_시,"['어울리다', '상자', '하양', '시', '상처', '술', '시리우스', '나팔꽃', '돌아온다다', '비둘기']","['그것 고구마 가깝다 팔다리 없다 온몸 멍 온몸 멍 뒤덮인다 고구마 위 멍 얹다 티나다 그것 침대 누워다 팔다리 없다 이마 넓다 얼굴 복판 끈 풀린다 운동 크기 상처 있다 상처 운동 고무 밑창 정도 함몰 그것 팔다리 없다 머리카락 길다 이마 위 내려다 오다 가닥 머리카락 아물다 상처 위 들러붙다 들러붙다 위 딱지 내리다 꺼낼다 없다 병균 그것 입 없다 말 그것 무엇 말 상처 지껄이다 말 어두운다 집 밝혀다 나무 계단 오르다 촛불 켜다 상처 주위 밝힌다다 새벽 지하철 물품 보관함 상처 가운데 간헐 피 뿜어내다 한다다 침묵 어딘가 발작 면 숨기다 자극 된다다 뿜어낸다 피 상처 테두리 넘어간다다 갈피 잡다 흘러다 다닌다다 머리카락 피 젖다 검다 피 선 넘다 더러운다 상처 말 아무 하다 들린다다 상처 손바닥 두께 깊다 하늘빛 빛난다다 풀숲 숨 늙다 버섯 하얗다 촛불 켜다 상처 밝힌다다 피 이마 위 머리 카 락 내린다다 시간 흐른다다 그것 빠질다 준비 된다 머리카락 머지않다 준비 된다 머리카락 변한다는다 의미 머리카락 처음 죽다 시체 분해 박테리아 관심 가질다 부분 없다 정도 죽다 처 음 죽다 머리카락 상처 위 내려오다 상처 몸 된다다 테두리 상처 테두리 인해다 그것 한정 고통 느낀다다 촛불 상처 밝힌다다 상처 크기 따라다 느낄다 있다 고통 양 제약 따른다다 피 흐른다다 온몸 피 뽑다 못 얻다 있다 그것 그것 걸다 다니다 시절 즐겨다 쓰다 모자 걸다 크기', '뚜껑 닫다 상자 입 다물다 없다 상자 불러다 상자 목젖 열려다 둥근다 모음 침 고 각 진다 모서리 사과 사각 거립니다 사각 상자 침 흘 모서리 갉아먹다 상자 젖다 옷 젖다 상자 떨어져다 상자 들다 당신 상자 상자 불편 상자 당신 구름 상상 있다 그것 상자 능력 상자 비 내립니다다 상자 상자 빠져나갑니다다 그것 상자 기분 당신 생각 가벼운다 상자 던지다 상자 새다 나옵니다다 당신 목젖 당신 치아 사이 새다 나오다 상자 닫혀다 뚜껑 열다 상자 상자 닫혀다', '나 어울리다 누더기 나 어울리다 시 누더기 나 어울리다 주정 나 어울리다 시 술주정 나 어울리다 폐허 나 어울리다 시 폐허 나 어울리다 폐 나 어울리다 시 폐 나 어울리다 가출 나 어울리다 시 가출 나 어울리다 구걸 나 어울리다 시 구걸 나 어울리다 부패 나 어울리다 시 부패 나 어울리다 액션 나 어울리다 시 오버액션 나 어울리다 추락 나 어울리다 시 추락 나 어울리다 거짓말 나 어울리다 시 거짓말 나 어울리다 나 어울리다 시의 나 어울리다 추태 나 어울리다 시 추태 나 어울리다 후회 나 어울리다 시 후회 나 어울리다 매독 나 어울리다 시 매독 나 어울리다 피똥 나 어울리다 시 피똥 나 어울리다 치질 나 어울리다 시 치질 나 어울리다 낙태 나 어울리다 시 낙태 나 어울리다 해다 나 어울리다 시 자 나 어울리다 자폐 나 어울리다 시 자폐 나 어울리다 구토 나 어울리다 시 구토 나 어울리다 콤플렉스 나 어울리다 시 콤플렉스 나 어울리다 나 어울리다 시 나 어울리다 나 어울리다 시 나 어울리다 나 어울리다 시 나 어울리다 동문서답 나 어울리다 시 동문서답 나 어울리다 불륜 나 어울리다 시 불륜 나 어울리다 콘돔 나 어울리다 시 콘돔 시 씌우다 콘돔 시 입술 씌우다 콘돔 시 대가리 덮어씌우다']","어울리다(0.109), 상자(0.053), 하양(0.043), 시(0.038), 상처(0.031), 술(0.030), 시리우스(0.029), 나팔꽃(0.028), 돌아온다다(0.025), 비둘기(0.022)"
19,40,19_사과_오렌지_수박_포도,"['사과', '오렌지', '수박', '포도', '딸기', '과일', '시금치', '참외', '들판', '여름']","['사과나무 불안 사과 떨어지다 떨어지다 불안 요행 없다 불안 이루어진다다 불안 이루어지다 경우 불안 꿈꿀다 때 불안 꿈꾸다 불안 이루어지다 사과 무 사과 떨어지다 남다 사과나무 사과 알 보다 불안 꿈꾸다 사과 알 떨어지다 사과 알 떨어지다 불안 꿈꾸다 사과 떨어지다 불안 꿈꾸다 사과 떨어진다다 떨어지다 불안 꿈꾸다 남다 사과나무 사과 불안 꿈 사과 알 떨어져다 떨어져다 마음먹다 사과 알 불안 시달리다 사과 알 불안 꿈꾸다 사과나무 꿈 이루어지다 꿈 이루어지다 이루어지다', '나 사과 싫다 나 빨간다 사과 싫다 나 사과 나 빨간다 사과 나 너 한마디 단풍 들다 나 봄 한마디 단풍 들다 나 많다 가을 겪다 나 나 가을 앓다 나 나 말 익다 나 겨울 말 익다 나 하루 가을 수확 나 사과 나 사과 나 사과 말 사과 나 사과 싫다 말 사과 나 사과 사과 무서워요다 나 사과나무 떨어진다 사과 무서워요다 의사 처방 내렸다 사과나무 매달리다 나 사과나무 매달렸다 사과 매달려다 사과 사과 대해다 생각 나 사과 대해다 생각', '홍로 들어갔다 매장 사과 진열 사과 내 취향 사과 사과 한다 입 베다 물다 온몸 구강 사과 몰려온다다 사과 식욕 누가 감당 초원 석양 편서풍 폭설 우기 건기 먹다 치우다 산책자 뇌 페이지 구약 신약 먹다 사과 소화 기관 하느님 물병 흘린다 새벽 이슬 선호 사과 취향 나 경배 이슬 속 그해 실과 단맛 결정 별 성분 있다 사과 사과 사과 사과 천진 장르 대해다 접근 부록 쓰다 일 늙다 학자 아침 마감 그 일생 사과 빈다 구멍 들여다보다 신경질 사과 닫다 그러다 축사 이름 점잖다 사과 몰려오다 계절 어제 두개골 들다 나온다 사과 식사 자리 가졌다 나머지 사과 그 열렸다 닫히다 구강 바라보다 그 구취 쉽다 그 취향 들키다 그 난간 기대다']","사과(0.154), 오렌지(0.082), 수박(0.066), 포도(0.058), 딸기(0.051), 과일(0.045), 시금치(0.045), 참외(0.045), 들판(0.035), 여름(0.034)"
20,39,20_할머니_할아버지_손주_할망구,"['할머니', '할아버지', '손주', '할망구', '이젠', '비녀', '시계', '구박', '얼룩', '용왕']","['밀려오다 눈가 닿다 풀리다 길 따라다 할머니 돌아오다 여기 어디 어디 흑백 사진 속 두리번거리다 할머니 돌아가다 어두워다 전 돌아가다 어루만지다 돌아서다 나 지동 데려다다 울 오다 데려다다 고래 할머니 깜장 통치마 고녀 졸업반 되다 먼지 떠도다 햇살 다리 끌다 사라지다 안 늙은이 뉘다 뉘기 할머니 거울 앞 떠날다 모르다 나 할머니 떠다 스웨터 입다 아기 같다 할머니 할머니 했다 같다 방 안 스며든다 어둠 나 풀다 코 코 나 이다 밤 문양 새기다 할머니 죽다 모르다 거울 뒤편 떠돌다 거울 속 남다 숟가락 밤 길다 가다', '할머니 죽다 좋다 세상 지다 허리 머리카락 어디 빠져나가다 그 하얗다 바래다 할머니 죽음 보이다 눈 살다 죽음 무서워할다 같다 할머니 얼마 남다 머리카락 쪼그라진다 몸 은비녀 묶다 세상 남정 건드리다 비녀 머리카락 자신 묶다 할머니 마음 한편 할아버지 묶여다 모른다다 마음 할아버지 곁 할머니 비녀 머리카락 여밀다 알다 머리카락 잘라버렸다 잘라다 미장원 보낼다 파마 주위 할머니 잘려나간다 머리카락 아쉽다 단발머리 소녀 세상 마지막 견디다 할머니 비녀 꽂다 할아버지 여몄다 비녀 풀다 할머니 사람 바친다 순정 잘라다 누군가 나눠다 할머니 어린다 할아버지 까먹다 모른다다 그 곁 누워다 뼈 만져다 할머니 할아버지 곁 가다 소녀 될지다 모른다다 할머니 죽다 할아버지 여민다 비녀 빼다 마음 들통 났으니다 할아버지 곁 가다 눕다 할아버지 놀라다 할머니 껴안다 같다 비녀 빠진다 모르다 할머니 껴안다 같다', '동대 구역 역사 대합실 구내 서점 앞 기다란다 소파 할머니 와다 자리 잡다 할머니 고개 넘다 하다 저러다 나 달 할머니 본다다 근년 들다 할머니 볼다 때 체구 작다 느꼈다 그렇다 작다 작다 당신 줄여다 묶다 같다 그렇다 자세 걸다 있다 할머니 머리 무릎 매달려다 덜렁거리다 그렇다 자세 앉다 있다 할머니 주름 얼굴 가슴팍 얹혀다 가슴팍 파고드다 모양새 할머니 척추 심하다 휜다 탓 그런가다 노구 노구 없다 노구 노구 젖 먹일다 없다 할머니 표정 짓다 봤다 볼다 때 뽀얀다 얼굴 웃다 누 할머니 젊다 땐 예뻤다 할머니 왕년 영관 급 육군 장교 부인 그게 말 할머니 딸 찾아와다 집 가다 사정 막무가내 열흘 정도 할머니 정한다 날짜 말다 따라나서다 할머니 여기 역 생겼다 어디 떠날다 기차 올다 믿다 가다 오다 사람 역 할머니 똑같다 볼일 지녔다 주장 오늘 자리 저렇다 묻혀다 할머니 날 삐친다 마음 무릎뼈 자리 걸어왔다 할머니 요즘 종일 졸다 깨다 그렇다 몸 접어 끝 챙기다 챙긴다 짐 떠날다 땐 두다 가시다 그것 누구 알다 있다 일 누구 알다 없다 일 설레다 목적지 그쪽 가다 있다 있다']","할머니(0.204), 할아버지(0.034), 손주(0.031), 할망구(0.031), 이젠(0.025), 비녀(0.024), 시계(0.023), 구박(0.022), 얼룩(0.021), 용왕(0.020)"
21,38,21_거울_모자_쓴다다_두꺼비,"['거울', '모자', '쓴다다', '두꺼비', '선다다', '안해', '앞머리', '그리마', '벗다', '이마']","['벗다 내 쏟아지다 모자 벗다 내 사라진다 모자 벗다 모자 구입 모자 벗다 내 태어난다 모자 벗다 내 썩다 나오다 모자 나 쏟아질까봐다 모자 쓴다다 나 사다 모자 쓴다다 몸 맞다 모자 찾다 모자 가게 헤맨다다 나 태어날까봐다 모자 쓴다다 나 내 부패 모자 쓴다다 모자 쓰다 사진 보다 벗기다 동안 썩다 갇힌다 나 동안 취향 빠진다 나 동안 생각 집중 나 모자 쓰다 내 잠기다 모자 쓰다 내 갇히다 모자 쓰다 똑같다 모자 일련 번호 모자 쓰다 전 제각각 모자 모자 가게 뒤집어쓰다', '모자 쓰다 처음 모자 썼다 나이 되다 그날 기분 분위기 되다 모자 쓰다 모자 쓰다 되다 모자 보여다 모자 보다 모자 사다 되다 모자 영원 모자 되다 까닭 그것 감싸안다 가소 따라다 눈 코 귀 머리카락 둥근다 모자 되다 어디 모자라다 모자 모자 아무것 쓸다 없다 샤워 끝내다 나온다 거울 위 모자 언제 언제 모자 위 올려다 쓰다 모자라다 질문 모자 고쳐다 쓰다 모자 쓰다 오늘 모자 쓸다 때 만들다 팔 모자 동그라미 그날 모자 쓰다 그 말 다음', '모자 쓰다 그것 떠오르다 모자 벗다 그것 벗어난다다 생각 모자 시작 모자 끝나다 생각 부족 모자 벗다 모자 쓰다 잊다 모자 속 큰다 땅 있다 큰다 땅 울리다 몰려다니다 떼 있다 생각 벗다 모자 쓰다 생각 머리 위 진 친다다 누군가 모자 보다 저 자다 머리 위 죽다 집 얹다 다닌다고다 과장 이것 죽다 집 죽다 생각 말 어딘가 생각 문장 모자 벗다 그것 가다 길 멈추다 돌아본다다 모자 멈추다 모자 쓴다고다 모자 극복 모자 실패 생각 운다다 울다 이 대조 이미지 필요 모자 가져온다다 운다 없다 태어날다 때 그친다 모자 모자 보다 저 자다 머리 위 큰다 땅 얹다 다닌다고다 누군가 외친다다 큰다 땅 위 큰다 떼 큰다 먼지 보다 모자 쓴다다 나타난다다 어둡다 큰다 땅 그것 모자 아다 세계 모자 슬픔 테두리 있다 커다 모자 그것 이해 이해 슬퍼하다 슬픔 반 잘리다 나무젓가락 슬픔 유형 같다 는다 생각 생각 생각 모자 가져온다다 모자 멈춘다다 모자 쓴다 모자 이해 믿다 그것 슬픔 되다 많다 성의 필요 모자 말 모자 믿다 모자 쓴다다 곳 딱지 정착 모자 쓴다다 모자 쓴다고다 새살 돋다 그렇다 읽다 생각 같다 없다 모자 경고 모자 잊다 큰다 땅 위 차별 달려다 땅 끝 떨어져다 죽다 떼 보다 그것 할다 있다 모자 말 하다 다르다 살아간다다 나 합니까다 모자 비명 지른다다 모자 왼쪽 어깨 기운 모자 안다고다 자신']","거울(0.238), 모자(0.191), 쓴다다(0.036), 두꺼비(0.028), 선다다(0.028), 안해(0.028), 앞머리(0.026), 그리마(0.023), 벗다(0.023), 이마(0.022)"
22,37,22_병원_환자_오빠_아프다,"['병원', '환자', '오빠', '아프다', '될까다', '간호사', '상관없다', '누웠다', '그런다다', '시체']","['아메리칸드림 낭만 같다 많다 사람 아프다 많다 사람 죽다 저 환자 보호자 돕다 일 그만둘다 생각 하얀다 색 바탕 파란다 줄무늬 있다 옷 입다 얼굴 샛노란다 환자 나 같다 병원 입원 그 며칠 죽다 의사 소곤거리다 소리 들다 나 아침 같다 옷 입다 병원 들어갑니다다 나 옷 갈아입다 링 거대 들다 침대 오르내리다 나 보호자 없다 병원 입원 환자 나 바깥 향해다 걸다 나 한때 리무진 드라이버 취미 직업 되다 슬픈다 일 곳곳 잭 팟 터지다 불 꺼지다 곳 모두 술김 웨딩 마치 울리다 도시 미치다 아마추어 일부 존중 나 삶 아메리카 가능 나 운전석 버터 잼 발린다 식빵 눌러다 먹다 버스 정류장 생각 아무 오다 좋다 생각 있다 그곳 붐비다 모두 희망 부풀다 달라요다 수도 외롭다 죽다 그 아메리카 불법 주한 노동 자식 물려줄다 몸 없다 그 일 결국 몸 고국 돌아갈다 없다 서글픈다 황무지 일구다 황무지 산다는다 이유 죽다 나 환자 환자 보호자 돌보다 일 합니다다 수 시체 닦다 일 했다 먹다 살다 살아남다 위해다 사다 나다 모르다 버려진다 땅 나 모르다', '병원 하얗다 병원 하얀다 병원 하얀다 병원 병원 태어나다 전 눈부시다 늙다 병원 보다 병원 낳다 병원 환희 이기다 세상 뜨다 병원 무너진다 기쁜다 날 하얗다 하얀다 병원 늙다 저항력 약했다 병원 가진다 유일 면역 자신 지나치다 하얀다 병원 망각 지겹다 하얀다 병원 빛깔 병원균 노출 병원 날 갈다 수록 얼룩지다 하얀다 병원 시간 지날수록다 하얗다 질리다 했다 하얀다 병원 자신 낳다 병원 병원 낳다 죽다 유일 희망 순간 하얀다 병원 하얀빛 잃다 투명 사라질다', '오후 안 의사 마스크 벗다 선생 비상 면사포 쓴다 간호사 환자 수술대 눕혔다 선생 안 의사 퇴근 마스크 귀 걸다 환자 눈 감다 눈 떠야다 진료 하다 손님 간호사 신경질 냈다 놀란다 손 눈 떴다 환자 카운터 계산 마치다 병원 문 빠져나갔다 환자 눈동자 안쪽 모아다 선생 주문 끝 나기 무섭다 손 자리 박차다 일어나다 어디 전화 걸다 후 병원 문 열다 환자 들어와다 손님 밀어내다 수술대 누웠다 얼굴 분 바른다 경희 씨 주사기 갖다 환자 눈 괸다 고름 빼다 선생 간호사 향해다 소리쳤다 선생 대답 한다 간호사 경희 씨 간호사 결혼식 치르다 예식장 갔다 아가씨 놔다 내 말 경희 씨 가져온다 주사기 보다 경악 환자 엄살 피웠다 그러다 아가씨 묘하다 웃다 대답 경희 부케 받다 갔다 대신 눈 크다 뜨다 선생 아가씨 주삿바늘 확인 당부 말 순식간 선생 된다 환자 선생 마스크 빼앗다 쓰다 시계 올려다다 양반 미쳤다 남 마스크 훔치다 그래다 마스크 뺏긴다 선생 마스크 뺏다 선생 향해다 성 냈다 선생 양반 된다 선생 머리 조아리다 사과 했다 간호사 손님 당장 내보내다 신랑 대동 간호사 수술대 옆 구겨져다 손님 멱살 거머쥐다 이러다 마요다 아가씨 주삿바늘 점검 마친다 아가씨 손님 눈 대다 주사기 눌렀다 시계 알리다 고름 찍다 토했다 선생 맘 먹다 여보 아빠 되다 위해다 집 향했다']","병원(0.079), 환자(0.038), 오빠(0.033), 아프다(0.032), 될까다(0.030), 간호사(0.030), 상관없다(0.028), 누웠다(0.028), 그런다다(0.025), 시체(0.023)"
23,34,23_벽_저무다_아파트_저물다,"['벽', '저무다', '아파트', '저물다', '옆집', '지나다', '옮기다', '베란다', '거인', '지붕']","['고향 친구 내 사다 아파트 보이다 안다다 아파트 보이다 아파트 아파트 앞 아파트 앞 아파트 아파트 생각 잔다다 아파트 뒤 아파트 뒤 아파트 아파트 생각 이룬다다 내 아다 노인 종일 텔레비전 보다 생각 한다다 내 하다 생각 텔레비전 드라마 다음 예능 다음 뉴스 생각 한다다 드라마 전 예능 전 뉴스 나 생각 없다 등지다 아파트 줄 섰다 나 빨갱이 청년 나 입주민 고향 친구 입주민 아다 노인 입주민 골프 연습장 조도 소음 우리 도발 쏘다 소리 들리다 누구 귀 막다 골프장 민원 해결 도시 슬픔 빠졌다 개그 프로그램 본다다 도시 웃다 도시 눈부시다 내일 월요일', '집 지나다 집 집 지나다 집 담 지나다 말청 집 담장 심 호대 집 담장 지나다 박무 남 집 담벽 수걸 집 담벽 이한 집 담벽 지나다 집 벽 순 집 벽 지나다 집 담벽 지나다 인자 집 벽 지나다 한상 집 벽 일중 집 벽 지나다 집 벽 장 녹천 집 벽 점선 집 벽 지나다 집 담벽 이무 집 벽 지나다 조민 강의 집 담 지나다 집 담벽 집 담벽 집 담벽 전태 욱 집 담벽 지나다 집 목책 이종 집 철책 지나다 집 담 윤 난서 집 담 집 벽 지나다 전 벽 벽 벽 안 범 벽 벽 고석 벽 수덕 벽 문정 벽 윤 인행 벽 지나다 벽 벽 벽 벽 방말 벽 조인다 벽 벽 장 벽 수태 벽 벽 오회 벽 벽 이강 본 벽 전무 연의 벽 말 영 벽 벽 남 희선 벽 지나다', '지붕 새 휘파람 불다 집 저무다 저무다 집 풍차 기다리다 바람 있다 집 면 기다리다 면 있다 저물다 기다리다 시간 있다 저무다 저무다 물기 기다리다 시간 저물다 기다리다 말 있다 저물다 기다리다 말 있다 저무다 있다 저물다 있다 저물다 물기 기다리다 말 저무다 집 관하다 적다 적다 사이 집 저무다 저무다 말 소리 저물다 저물다 말 문장 저무다 새 저무다 지붕 앉다 휘파람 부네 휘파람 어두워다 지네 집안 저무다 저무다 말 있다 저물다 어두워진다 휘파람 있다 새 저물다 새 저무다 저물다 휘파람 불다 저무다 저물다 사이 날아가다 달 나무 사이 날아가다 새 사이 나 달 나무 사이 저무다 저물다 사이 사이 긴장 있다 새다 부리 사이 찌르다 나무 달 찌르다 서다 저무다 찌르다 저무다 나무 찔려다 저물다 꽃 꿀벌 찔려다 저물다 노을 산머리 찔려다 저무다 저무다 집 저무다 가두다 저무다 저물다 노래 기다리다 후렴 노래 후려치다 저무다 집 문장 당도 문장 있다 저무다']","벽(0.058), 저무다(0.058), 아파트(0.051), 저물다(0.036), 옆집(0.034), 지나다(0.034), 옮기다(0.029), 베란다(0.028), 거인(0.026), 지붕(0.023)"
24,30,24_버스_기사_남자_정류장,"['버스', '기사', '남자', '정류장', '산양', '좌석', '그녀', '탔다', '돌아가다', '승객']","['만물 솟아나다 동쪽 해 지다 서쪽 옮겨다 일 내게 버거웠다 남 운전 버스 타다 땀 흘려야다 서귀포 표선 정거장 피 방울 섞인다 여자 부축 받다 버스 올라탄다 할머니 계셨다 버스 기사 할머니 거동 힘들다 외출 외출 나무랐다 나 나 말 아픈다 알다 알다 버스 얼마 달렸다 휴대폰 없다 할머니 시간 흘렀을까다 할머니 옆 좌석 앉다 아주머니 버스 기사 소리쳤다 주무시다 알다 할머니 소변 흘린다고다 이상 버스 세우다 할머니 흔들다 흔들다 버스 기사 전화 걸다 할머니 의식 없다 멈추다 같다 구급대 원 자신 도착 때 전화 끊다 말 들으라고다 버스 기사 말 듣다 위해다 할머니 좌석 좌석 사이 통로 눕히다 가슴 부위 압박 숨다 돌아오다 돌아오다 돌아오다 말 순간 구급대 원 할머니 옆구리 강하다 꼬집다 할머니 현재 얼굴색 색 물다 버스 기사 할머니 얼굴 거메 하다 노란다 모르다 나 외쳤다 하얗다 나 들리다 속 외쳤다 만물 솟아나다 곳 반대편 결실', '버스 북동쪽 끝 남서쪽 가로지른다다 종점 멀다 우리 집 앞 버스 탔다 버스 지나다 외대 앞 향해다 바깥 뜨거운다 햇볕 쏟아지다 냉기 돌다 버스 안 뒷좌석 앉다 나 선 갈아타다 위해다 외대 앞 내리다 일어섰다 버스 중간 앉다 여자 급하다 일어섰다 그녀 위아래 보랏빛 여름 산복 입다 앞 좌석 손잡이 잡다 일어서다 빈다 자리 앉다 위해다 다가온다 승객 몸 부딪쳤다 승객 얼굴 찌푸려다 그 무심 뒤통수 보인다 창밖 바라보다 버스 진동 몸 비틀대다 그녀 뒷문 기둥 오른다 손 부여잡다 그녀 왼팔 직각 구부러져다 옆구리 붙다 옆 보다 입 미세 왼쪽 뒤틀려다 나 그녀 눈 마주치다 위해다 고개 돌렸다 흰다 티셔츠 군청색 반바지 입다 키 큰다 남자 뒷문 앞 버스 노선도 보다 서다 정류장 도착 뒤 버스 뒷문 열렸다 남자 내리다 여자 내리다 내 내렸다 여자 다리 불편 발 끌린다다 여자 펴지다 왼손 옆구리 붙이다 빠르다 인도 올라섰다 남자 뒤 귀찮다 따라가다 했다 엄마 가다 가요 여자 대답 하다 지붕 맞닿다 그늘진다 골목 들어섰다 남자 이상 말 그녀 뒤 따라갔다', '정류장 야간 약국 가다 버스 기다리다 긴다 머리 뒤덮인다 여자 나무 의자 앉다 그녀 머리카락 밤 낮 만나다 곳 간다고다 말 소리 들렸다 나 그녀 숨소리 오래다 듣다 정육점 실다 버스 오다 그녀 소매 흘리다 버스 오른다다 정류장 휴지통 얼굴 없다 안경 담 겨 있다 버스 늦다 야간 약국 가다 사진 상소 실다 버스 타다 하늘 붉다 빛 후 비닐 공장 실다 버스 왔다 보다 여자 담요 싸인다 아이 안다 내렸다 그녀 정류장 주위 소금 된다 돌 씻다 아이 먹였다 사진 상소 실다 버스 오다 그녀 버스 올랐다 나 그녀 앞 서다 바람 때 그녀 윤 없다 종이 헝겊 얼굴 드러났다 그녀 목소리 숨결 어디 나오다 그녀 흘린다 피 보다 꽃 피어났다 자신 꽃 빚 많다 말 머리카락 타다 그녀 하다 말 멈추다 된다 햇빛 죽다 돌 꽃 쉬다 말 머리카락 순식간 타다 그녀 얼굴 불 붙다 아이 울음 소리 그치다 버스 긴다 터널 지나다 종이 된다 도시 도착 나 버스 내려다 야간 약국 찾다 그곳 어머니 옷장 훔쳐다 먹다 약 사다 건물 병원 있다 안과 나온다 그림자 블 럭 서다 그 알아들다 없다 노래 부르다 다가왔다 소리 지르다 그 물먹다 휴지 찢어져다 경련 그림자 죽이다 담배 개피 빌리다 일 목소리 조금 커져갔다 무도 말 알아듣다 죽다 그림자 밟다 야간 약국 찾다 새 게으른다 태양 집어내다 웃다']","버스(0.201), 기사(0.031), 남자(0.029), 정류장(0.029), 산양(0.028), 좌석(0.025), 그녀(0.021), 탔다(0.019), 돌아가다(0.019), 승객(0.019)"
